sample-id	forward-barcode	reverse-barcode	fire	year	severity	treatment	plot	depth	run
CP_C1_S1_B	GCATCGAA	TAAGTCGG	church park	2010	control	CP_C	P1	S	LB2
CP_C1_S2_B	GCATCGAA	GGGTCATA	church park	2010	control	CP_C	P1	S	LB2
CP_C1_S3_B	GCATCGAA	TCGACGTT	church park	2010	control	CP_C	P1	S	LB2
CP_C1_D1_B	GCATCGAA	TTTCTCGG	church park	2010	control	CP_C	P1	D	LB2
CP_C1_D2_B1	GAGTACTG	GGATTCCT	church park	2010	control	CP_C	P1	D	LB2
CP_C1_D2_B	GAGTACTG	GTCCCAAA	church park	2010	control	CP_C	P1	D	LB2
CP_C2_S1_B	ATGTCCAG	GGGTCATA	church park	2010	control	CP_C	P2	S	LB2
CP_C2_S2_B	ATGTCCAG	TCGACGTT	church park	2010	control	CP_C	P2	S	LB2
CP_C2_S3_B	ATGTCCAG	TTTCTCGG	church park	2010	control	CP_C	P2	S	LB2
CP_C2_D1_B	CTTGTCGT	GGATTCCT	church park	2010	control	CP_C	P2	D	LB2
CP_C2_D2_B	CTTGTCGT	GTCCCAAA	church park	2010	control	CP_C	P2	D	LB2
CP_C2_D3_B	CTTGTCGT	GCTACTTG	church park	2010	control	CP_C	P2	D	LB2
CP_C3_S1_B	ACTGTGTC	GGATTCCT	church park	2010	control	CP_C	P3	S	LB2
CP_C3_S2_B	ACTGTGTC	GTCCCAAA	church park	2010	control	CP_C	P3	S	LB2
CP_C3_S3_B	ACTGTGTC	GCTACTTG	church park	2010	control	CP_C	P3	S	LB2
CP_C3_D1_B	ACTGTGTC	TAAGTCGG	church park	2010	control	CP_C	P3	D	LB2
CP_C3_D2_B	ACTGTGTC	TAGCGCAT	church park	2010	control	CP_C	P3	D	LB2
CP_C3_D3_B	ACTGTGTC	GGGTCATA	church park	2010	control	CP_C	P3	D	LB2
CP_H3_D1_B	CGACCTAA	GCTACTTG	church park	2010	high	CP_H	P3	D	LB1
CP_H3_D2_B-1	CGACCTAA	TAAGTCGG	church park	2010	high	CP_H	P3	D	LB1
CP_H3_D2_B-2	CGACCTAA	TAGCGCAT	church park	2010	high	CP_H	P3	D	LB1
CP_H3_S1_B	TGTACGGA	TTTCTCGG	church park	2010	high	CP_H	P3	S	LB1
CP_H3_S2_B	CGACCTAA	GGATTCCT	church park	2010	high	CP_H	P3	S	LB1
CP_H3_S3_B	CGACCTAA	GTCCCAAA	church park	2010	high	CP_H	P3	S	LB1
CP_H1_S1_B	ATGTCCAG	GGATTCCT	church park	2010	high	CP_H	P1	S	LB2
CP_H1_S2_B	ATGTCCAG	GTCCCAAA	church park	2010	high	CP_H	P1	S	LB2
CP_H1_S3_B	ATGTCCAG	GCTACTTG	church park	2010	high	CP_H	P1	S	LB2
CP_H1_D1_B	ATGTCCAG	TAAGTCGG	church park	2010	high	CP_H	P1	D	LB2
CP_H1_D2_B	ATGTCCAG	TAGCGCAT	church park	2010	high	CP_H	P1	D	LB2
CP_H2_S1_B	CCACTAAC	GCTACTTG	church park	2010	high	CP_H	P2	S	LB2
CP_H2_S2_B	CCACTAAC	TAAGTCGG	church park	2010	high	CP_H	P2	S	LB2
CP_H2_S3_B	CCACTAAC	TAGCGCAT	church park	2010	high	CP_H	P2	S	LB2
CP_H2_D1_B	CCACTAAC	GGGTCATA	church park	2010	high	CP_H	P2	D	LB2
CP_H2_D2_B	CCACTAAC	TCGACGTT	church park	2010	high	CP_H	P2	D	LB2
CP_H2_D3_B	CCACTAAC	TTTCTCGG	church park	2010	high	CP_H	P2	D	LB2
CP_L3_D1_B	TGTACGGA	TAGCGCAT	church park	2010	low	CP_L	P3	D	LB1
CP_L3_D2_B-1	TGTACGGA	GGGTCATA	church park	2010	low	CP_L	P3	D	LB1
CP_L3_D2_B-2	TGTACGGA	TCGACGTT	church park	2010	low	CP_L	P3	D	LB1
CP_L3_S2_B	TGTACGGA	GCTACTTG	church park	2010	low	CP_L	P3	S	LB1
CP_L3_S3_B	TGTACGGA	TAAGTCGG	church park	2010	low	CP_L	P3	S	LB1
CP_L1_S1_B	GAGTACTG	GCTACTTG	church park	2010	low	CP_L	P1	S	LB2
CP_L1_S2_B	GAGTACTG	TAAGTCGG	church park	2010	low	CP_L	P1	S	LB2
CP_L1_S3_B	GAGTACTG	TAGCGCAT	church park	2010	low	CP_L	P1	S	LB2
CP_L1_D1_B	GAGTACTG	GGGTCATA	church park	2010	low	CP_L	P1	D	LB2
CP_L1_D2_B	GAGTACTG	TCGACGTT	church park	2010	low	CP_L	P1	D	LB2
CP_L1_D3_B	GAGTACTG	TTTCTCGG	church park	2010	low	CP_L	P1	D	LB2
CP_L2_S1_B	CTTGTCGT	TAAGTCGG	church park	2010	low	CP_L	P2	S	LB2
CP_L2_S2_B	CTTGTCGT	GGGTCATA	church park	2010	low	CP_L	P2	S	LB2
CP_L2_S3_B	CTTGTCGT	TCGACGTT	church park	2010	low	CP_L	P2	S	LB2
CP_L2_D1_B	CTTGTCGT	TTTCTCGG	church park	2010	low	CP_L	P2	D	LB2
CP_L2_D2_B	CCACTAAC	GGATTCCT	church park	2010	low	CP_L	P2	D	LB2
CP_L2_D3_B	CCACTAAC	GTCCCAAA	church park	2010	low	CP_L	P2	D	LB2
CP_L3_S1_B	ACTGTGTC	TCGACGTT	church park	2010	low	CP_L	P3	S	LB2
BV_C1_D1_B	ATCCCGTA	TAGCGCAT	beaver creek	2016	control	BV_C	P1	D	LB1
BV_C1_D2_B	ATCCCGTA	GGGTCATA	beaver creek	2016	control	BV_C	P1	D	LB1
BV_C1_D3_B	ATCCCGTA	TCGACGTT	beaver creek	2016	control	BV_C	P1	D	LB1
BV_C1_S1_B	ATCCCGTA	GTCCCAAA	beaver creek	2016	control	BV_C	P1	S	LB1
BV_C1_S2_B	ATCCCGTA	GCTACTTG	beaver creek	2016	control	BV_C	P1	S	LB1
BV_C1_S3_B	ATCCCGTA	TAAGTCGG	beaver creek	2016	control	BV_C	P1	S	LB1
BV_C2_D1_B	TGTTGGAG	TCGACGTT	beaver creek	2016	control	BV_C	P2	D	LB1
BV_C2_D2_B	TGTTGGAG	TTTCTCGG	beaver creek	2016	control	BV_C	P2	D	LB1
BV_C2_S1_B	TGTTGGAG	TAAGTCGG	beaver creek	2016	control	BV_C	P2	S	LB1
BV_C2_S2_B	TGTTGGAG	TAGCGCAT	beaver creek	2016	control	BV_C	P2	S	LB1
BV_C2_S3_B	TGTTGGAG	GGGTCATA	beaver creek	2016	control	BV_C	P2	S	LB1
BV_C2_D3_B	CAGCAAGA	GGATTCCT	beaver creek	2016	control	BV_C	P2	D	LB2
BV_C3_S1_B	ACCCCTAT	GGGTCATA	beaver creek	2016	control	BV_C	P3	S	LB2
BV_C3_S2_B	ACCCCTAT	TCGACGTT	beaver creek	2016	control	BV_C	P3	S	LB2
BV_C3_S3_B	ACCCCTAT	TTTCTCGG	beaver creek	2016	control	BV_C	P3	S	LB2
BV_C3_D1_B	GCATCGAA	GGATTCCT	beaver creek	2016	control	BV_C	P3	D	LB2
BV_C3_D2_B	GCATCGAA	GTCCCAAA	beaver creek	2016	control	BV_C	P3	D	LB2
BV_C3_D3_B1	GCATCGAA	GCTACTTG	beaver creek	2016	control	BV_C	P3	D	LB2
BV_C3_D3_B	GCAATGGT	GTCCCAAA	beaver creek	2016	control	BV_C	P3	D	LB2
BV_H1_D1_B	TGTACGGA	GGATTCCT	beaver creek	2016	high	BV_H	P1	D	LB1
BV_H1_D2_B	CGAGAGTA	GGATTCCT	beaver creek	2016	high	BV_H	P1	D	LB1
BV_H1_D3_B	CGAGAGTA	GTCCCAAA	beaver creek	2016	high	BV_H	P1	D	LB1
BV_H1_S1_B	ACGGTTTG	GGGTCATA	beaver creek	2016	high	BV_H	P1	S	LB1
BV_H1_S2_B	ACGGTTTG	TCGACGTT	beaver creek	2016	high	BV_H	P1	S	LB1
BV_H1_S3_B	ACGGTTTG	TTTCTCGG	beaver creek	2016	high	BV_H	P1	S	LB1
BV_H2_D1_B	CAGGGTTT	GCTACTTG	beaver creek	2016	high	BV_H	P2	D	LB1
BV_H2_D2_B	CAGGGTTT	TAAGTCGG	beaver creek	2016	high	BV_H	P2	D	LB1
BV_H2_D3_B	CAGGGTTT	TAGCGCAT	beaver creek	2016	high	BV_H	P2	D	LB1
BV_H2_S1_B	ATCCCGTA	TTTCTCGG	beaver creek	2016	high	BV_H	P2	S	LB1
BV_H2_S2_B	CAGGGTTT	GGATTCCT	beaver creek	2016	high	BV_H	P2	S	LB1
BV_H2_S3_B	CAGGGTTT	GTCCCAAA	beaver creek	2016	high	BV_H	P2	S	LB1
BV_H3_S1_B	CAGCAAGA	GTCCCAAA	beaver creek	2016	high	BV_H	P3	S	LB2
BV_H3_S2_B	CAGCAAGA	GCTACTTG	beaver creek	2016	high	BV_H	P3	S	LB2
BV_H3_S3_B	CAGCAAGA	TAAGTCGG	beaver creek	2016	high	BV_H	P3	S	LB2
BV_H3_D1_B1	CAGCAAGA	TAGCGCAT	beaver creek	2016	high	BV_H	P3	D	LB2
BV_H3_D2_B1	CAGCAAGA	GGGTCATA	beaver creek	2016	high	BV_H	P3	D	LB2
BV_H3_D3_B	CAGCAAGA	TCGACGTT	beaver creek	2016	high	BV_H	P3	D	LB2
BV_H3_D1_B	GAAGATCC	GGGTCATA	beaver creek	2016	high	BV_H	P3	D	LB2
BV_H3_D2_B	GAAGATCC	TCGACGTT	beaver creek	2016	high	BV_H	P3	D	LB2
BV_L1_D1_B	CGAGAGTA	TCGACGTT	beaver creek	2016	low	BV_L	P1	D	LB1
BV_L1_D2_B	CGAGAGTA	TTTCTCGG	beaver creek	2016	low	BV_L	P1	D	LB1
BV_L1_D3_B	ATCCCGTA	GGATTCCT	beaver creek	2016	low	BV_L	P1	D	LB1
BV_L1_S1_B	CGAGAGTA	GCTACTTG	beaver creek	2016	low	BV_L	P1	S	LB1
BV_L1_S2_B	CGAGAGTA	TAAGTCGG	beaver creek	2016	low	BV_L	P1	S	LB1
BV_L1_S3_B	CGAGAGTA	GGGTCATA	beaver creek	2016	low	BV_L	P1	S	LB1
BV_L2_D1_B	TGTTGGAG	GGATTCCT	beaver creek	2016	low	BV_L	P2	D	LB1
BV_L2_D2_B	TGTTGGAG	GTCCCAAA	beaver creek	2016	low	BV_L	P2	D	LB1
BV_L2_D3_B	TGTTGGAG	GCTACTTG	beaver creek	2016	low	BV_L	P2	D	LB1
BV_L2_S1_B	CAGGGTTT	GGGTCATA	beaver creek	2016	low	BV_L	P2	S	LB1
BV_L2_S2_B	CAGGGTTT	TCGACGTT	beaver creek	2016	low	BV_L	P2	S	LB1
BV_L2_S3_B	CAGGGTTT	TTTCTCGG	beaver creek	2016	low	BV_L	P2	S	LB1
BV_L3_S1_B	CAGCAAGA	TTTCTCGG	beaver creek	2016	low	BV_L	P3	S	LB2
BV_L3_S2_B	ACCCCTAT	GGATTCCT	beaver creek	2016	low	BV_L	P3	S	LB2
BV_L3_S3_B	ACCCCTAT	GTCCCAAA	beaver creek	2016	low	BV_L	P3	S	LB2
BV_L3_D1_B	ACCCCTAT	GCTACTTG	beaver creek	2016	low	BV_L	P3	D	LB2
BV_L3_D2_B1	ACCCCTAT	TAAGTCGG	beaver creek	2016	low	BV_L	P3	D	LB2
BV_L3_D3_B1	ACCCCTAT	TAGCGCAT	beaver creek	2016	low	BV_L	P3	D	LB2
BV_L3_D2_B	GAAGATCC	TTTCTCGG	beaver creek	2016	low	BV_L	P3	D	LB2
BV_L3_D3_B	GCAATGGT	GGATTCCT	beaver creek	2016	low	BV_L	P3	D	LB2
BC_C1_D1_B	CAGCAAGA	GGGTCATA	badger creek	2018	control	BC_C	P1	D	LB1
BC_C1_D2_B	CAGCAAGA	GCTACTTG	badger creek	2018	control	BC_C	P1	D	LB1
BC_C1_D3_B	GAGTACTG	GCTACTTG	badger creek	2018	control	BC_C	P1	D	LB1
BC_C1_S1_B	ACCCCTAT	TAAGTCGG	badger creek	2018	control	BC_C	P1	S	LB1
BC_C1_S2_B	GAGTACTG	GTCCCAAA	badger creek	2018	control	BC_C	P1	S	LB1
BC_C1_S3_B	ACCCCTAT	GGGTCATA	badger creek	2018	control	BC_C	P1	S	LB1
BC_C2_D1_B	GCATCGAA	GTCCCAAA	badger creek	2018	control	BC_C	P2	D	LB1
BC_C2_D2_B	CAGCAAGA	TAGCGCAT	badger creek	2018	control	BC_C	P2	D	LB1
BC_C2_D3_B	ATGTCCAG	GCTACTTG	badger creek	2018	control	BC_C	P2	D	LB1
BC_C2_S1_B	ACCCCTAT	GGATTCCT	badger creek	2018	control	BC_C	P2	S	LB1
BC_C2_S2_B	CTTGTCGT	TAAGTCGG	badger creek	2018	control	BC_C	P2	S	LB1
BC_C2_S3_B	ACCCCTAT	GTCCCAAA	badger creek	2018	control	BC_C	P2	S	LB1
BC_C3_D1_B	CTTGTCGT	TAGCGCAT	badger creek	2018	control	BC_C	P3	D	LB1
BC_C3_D2_B	GCATCGAA	GCTACTTG	badger creek	2018	control	BC_C	P3	D	LB1
BC_C3_S1_B	GAGTACTG	TAAGTCGG	badger creek	2018	control	BC_C	P3	S	LB1
BC_C3_S2_B	CCACTAAC	GGATTCCT	badger creek	2018	control	BC_C	P3	S	LB1
BC_C3_S3_B	CAGCAAGA	TTTCTCGG	badger creek	2018	control	BC_C	P3	S	LB1
BC_C4_D1_B	CAGCAAGA	GGATTCCT	badger creek	2018	control	BC_C	P4	D	LB1
BC_C4_D2_B	ACCCCTAT	TCGACGTT	badger creek	2018	control	BC_C	P4	D	LB1
BC_C4_D3_B	CAGCAAGA	TCGACGTT	badger creek	2018	control	BC_C	P4	D	LB1
BC_C4_S1_B	CCACTAAC	GTCCCAAA	badger creek	2018	control	BC_C	P4	S	LB1
BC_C4_S2_B	GCATCGAA	TAAGTCGG	badger creek	2018	control	BC_C	P4	S	LB1
BC_C4_S3_B	GCATCGAA	TAGCGCAT	badger creek	2018	control	BC_C	P4	S	LB1
BC_C3_D3_B	ACGGTTTG	GGATTCCT	badger creek	2018	control	BC_C	P3	D	LB2
BC_H1_D3_B	GAGTACTG	TCGACGTT	badger creek	2018	high	BC_H	P1	D	LB1
BC_H1_S2_B	CTTGTCGT	GGGTCATA	badger creek	2018	high	BC_H	P1	S	LB1
BC_H2_D1_B	CTTGTCGT	TCGACGTT	badger creek	2018	high	BC_H	P2	D	LB1
BC_H2_D2_B	GAGTACTG	GGGTCATA	badger creek	2018	high	BC_H	P2	D	LB1
BC_H2_D3_B	GAGTACTG	TAGCGCAT	badger creek	2018	high	BC_H	P2	D	LB1
BC_H2_S2_B	ATGTCCAG	TAGCGCAT	badger creek	2018	high	BC_H	P2	S	LB1
BC_H2_S3_B	ACCCCTAT	TTTCTCGG	badger creek	2018	high	BC_H	P2	S	LB1
BC_H3_D2_B	CTTGTCGT	GCTACTTG	badger creek	2018	high	BC_H	P3	D	LB1
BC_H3_S2_B	ATGTCCAG	GGGTCATA	badger creek	2018	high	BC_H	P3	S	LB1
BC_H3_S3_B	GCATCGAA	GGGTCATA	badger creek	2018	high	BC_H	P3	S	LB1
BC_H1_D2_B	ACGGTTTG	GTCCCAAA	badger creek	2018	high	BC_H	P1	D	LB2
BC_H2_S1_B	ACGGTTTG	GCTACTTG	badger creek	2018	high	BC_H	P2	S	LB2
BC_H4_S2_B	ACGGTTTG	TAAGTCGG	badger creek	2018	high	BC_H	P4	S	LB2
BC_H1_S1_B	ACGGTTTG	GGGTCATA	badger creek	2018	high	BC_H	P1	S	LB2
BC_H3_D1_B	ACGGTTTG	TCGACGTT	badger creek	2018	high	BC_H	P3	D	LB2
BC_H4_D2_B	ACGGTTTG	TTTCTCGG	badger creek	2018	high	BC_H	P4	D	LB2
BC_H4_D3_B	TGTACGGA	GTCCCAAA	badger creek	2018	high	BC_H	P4	D	LB2
BC_H1_D1_B	TGTACGGA	GCTACTTG	badger creek	2018	high	BC_H	P1	D	LB2
BC_H3_S1_B	TGTACGGA	TAAGTCGG	badger creek	2018	high	BC_H	P3	S	LB2
BC_H4_S3_B	CGACCTAA	GCTACTTG	badger creek	2018	high	BC_H	P4	S	LB2
BC_H1_S3_B	CGACCTAA	TAAGTCGG	badger creek	2018	high	BC_H	P1	S	LB2
BC_H3_D3_B	CGACCTAA	TAGCGCAT	badger creek	2018	high	BC_H	P3	D	LB2
BC_H4_S1_B	CGACCTAA	GGGTCATA	badger creek	2018	high	BC_H	P4	S	LB2
BC_H4_D1_B	CGACCTAA	TCGACGTT	badger creek	2018	high	BC_H	P4	D	LB2
BC_L1_S1_B	GAGTACTG	TTTCTCGG	badger creek	2018	low	BC_L	P1	S	LB1
BC_L1_S2_B	ATGTCCAG	GGATTCCT	badger creek	2018	low	BC_L	P1	S	LB1
BC_L1_S3_B	ATGTCCAG	TCGACGTT	badger creek	2018	low	BC_L	P1	S	LB1
BC_L2_S1_B	ATGTCCAG	TTTCTCGG	badger creek	2018	low	BC_L	P2	S	LB1
BC_L2_S2_B	GCATCGAA	TCGACGTT	badger creek	2018	low	BC_L	P2	S	LB1
BC_L2_S3_B	CTTGTCGT	GGATTCCT	badger creek	2018	low	BC_L	P2	S	LB1
BC_L3_D1_B	GCATCGAA	TTTCTCGG	badger creek	2018	low	BC_L	P3	D	LB1
BC_L3_D2_B	CTTGTCGT	TTTCTCGG	badger creek	2018	low	BC_L	P3	D	LB1
BC_L3_S1_B	CTTGTCGT	GTCCCAAA	badger creek	2018	low	BC_L	P3	S	LB1
BC_L3_S2_B	CAGCAAGA	GTCCCAAA	badger creek	2018	low	BC_L	P3	S	LB1
BC_L3_S3_B	CAGCAAGA	TAAGTCGG	badger creek	2018	low	BC_L	P3	S	LB1
BC_L4_D3_B	GCATCGAA	GGATTCCT	badger creek	2018	low	BC_L	P4	D	LB1
BC_L4_S1_B	ATGTCCAG	GTCCCAAA	badger creek	2018	low	BC_L	P4	S	LB1
BC_L4_S2_B	ACCCCTAT	TAGCGCAT	badger creek	2018	low	BC_L	P4	S	LB1
BC_L4_S3_B	GAGTACTG	GGATTCCT	badger creek	2018	low	BC_L	P4	S	LB1
BC_L4_D1_B	ACGGTTTG	TAGCGCAT	badger creek	2018	low	BC_L	P4	D	LB2
BC_L1_D2_B	TGTACGGA	GGATTCCT	badger creek	2018	low	BC_L	P1	D	LB2
BC_L2_D1_B	TGTACGGA	TAGCGCAT	badger creek	2018	low	BC_L	P2	D	LB2
BC_L2_D2_B	TGTACGGA	GGGTCATA	badger creek	2018	low	BC_L	P2	D	LB2
BC_L2_D3_B	TGTACGGA	TCGACGTT	badger creek	2018	low	BC_L	P2	D	LB2
BC_L1_D1_B	TGTACGGA	TTTCTCGG	badger creek	2018	low	BC_L	P1	D	LB2
BC_L3_D3_B	CGACCTAA	GGATTCCT	badger creek	2018	low	BC_L	P3	D	LB2
BC_L4_D2_B	CGACCTAA	GTCCCAAA	badger creek	2018	low	BC_L	P4	D	LB2
BC_L1_D3_B	CGACCTAA	TTTCTCGG	badger creek	2018	low	BC_L	P1	D	LB2
R_C1_S1_B	CTAACGTC	TAAGTCGG	ryan	2018	control	R_C	P1	S	LB1
R_C1_S2_B	CTAACGTC	TAGCGCAT	ryan	2018	control	R_C	P1	S	LB1
R_C1_S3_B	CTAACGTC	GGGTCATA	ryan	2018	control	R_C	P1	S	LB1
R_C2_S1_B	TATGGCAG	GTCCCAAA	ryan	2018	control	R_C	P2	S	LB1
R_C2_S2_B	TATGGCAG	GCTACTTG	ryan	2018	control	R_C	P2	S	LB1
R_C2_S3_B	TATGGCAG	TAAGTCGG	ryan	2018	control	R_C	P2	S	LB1
R_C3_D1_B	ACGGTTTG	TAGCGCAT	ryan	2018	control	R_C	P3	D	LB1
R_C3_S1_B	ACGGTTTG	GTCCCAAA	ryan	2018	control	R_C	P3	S	LB1
R_C3_S2_B	ACGGTTTG	GCTACTTG	ryan	2018	control	R_C	P3	S	LB1
R_C3_S3_B	ACGGTTTG	TAAGTCGG	ryan	2018	control	R_C	P3	S	LB1
R_C1_D1_B	TGTTGGAG	GGATTCCT	ryan	2018	control	R_C	P1	D	LB2
R_C1_D2_B	TGTTGGAG	GTCCCAAA	ryan	2018	control	R_C	P1	D	LB2
R_C1_D3_B	TGTTGGAG	GCTACTTG	ryan	2018	control	R_C	P1	D	LB2
R_C2_D1_B	ATGCTTGG	GTCCCAAA	ryan	2018	control	R_C	P2	D	LB2
R_C2_D2_B	ATGCTTGG	GCTACTTG	ryan	2018	control	R_C	P2	D	LB2
R_C2_D3_B	ATGCTTGG	TAAGTCGG	ryan	2018	control	R_H	P2	D	LB2
R_C3_D2_B	GAAGATCC	TAAGTCGG	ryan	2018	control	R_C	P3	D	LB2
R_C3_D3_B	GAAGATCC	TAGCGCAT	ryan	2018	control	R_C	P3	D	LB2
R_H3_S2_B	TATGGCAG	TAGCGCAT	ryan	2018	high	R_H	P3	S	LB1
R_H1_S1_B	TGTTGGAG	TAAGTCGG	ryan	2018	high	R_H	P1	S	LB2
R_H1_S2_B	TGTTGGAG	TAGCGCAT	ryan	2018	high	R_H	P1	S	LB2
R_H1_S3_B	TGTTGGAG	GGGTCATA	ryan	2018	high	R_H	P1	S	LB2
R_H1_D1_B	TGTTGGAG	TCGACGTT	ryan	2018	high	R_H	P1	D	LB2
R_H1_D2_B	TGTTGGAG	TTTCTCGG	ryan	2018	high	R_H	P1	D	LB2
R_H1_D3_B	TCTGCCTA	GGATTCCT	ryan	2018	high	R_H	P1	D	LB2
R_H2_S1_B	TCTGCCTA	GGGTCATA	ryan	2018	high	R_H	P2	S	LB2
R_H2_S2_B	TCTGCCTA	TCGACGTT	ryan	2018	high	R_H	P2	S	LB2
R_H2_S3_B	TCTGCCTA	TTTCTCGG	ryan	2018	high	R_H	P2	S	LB2
R_H2_D1_B	GAGATCGT	GGATTCCT	ryan	2018	high	R_H	P2	D	LB2
R_H2_D2_B	GAGATCGT	GTCCCAAA	ryan	2018	high	R_H	P2	D	LB2
R_H2_D3_B	GAGATCGT	GCTACTTG	ryan	2018	high	R_H	P2	D	LB2
R_H3_S1_B	ATGCTTGG	TAGCGCAT	ryan	2018	high	R_H	P3	S	LB2
R_H3_S3_B	ATGCTTGG	GGGTCATA	ryan	2018	high	R_H	P3	S	LB2
R_H3_D1_B	ATGCTTGG	TCGACGTT	ryan	2018	high	R_H	P3	D	LB2
R_H3_D2_B	ATGCTTGG	TTTCTCGG	ryan	2018	high	R_H	P3	D	LB2
R_H3_D3_B	GAAGATCC	GGATTCCT	ryan	2018	high	R_H	P3	D	LB2
R_L1_D1_B	CTAACGTC	TCGACGTT	ryan	2018	low	R_L	P1	D	LB1
R_L1_S1_B	CTAACGTC	TTTCTCGG	ryan	2018	low	R_L	P1	S	LB1
R_L3_D2_B	TATGGCAG	TTTCTCGG	ryan	2018	low	R_L	P3	D	LB1
R_L3_D3_B	ACGGTTTG	GGATTCCT	ryan	2018	low	R_L	P3	D	LB1
R_L3_S2_B	TATGGCAG	GGGTCATA	ryan	2018	low	R_L	P3	S	LB1
R_L3_S3_B	TATGGCAG	TCGACGTT	ryan	2018	low	R_L	P3	S	LB1
R_L1_D2_B	TCTGCCTA	GTCCCAAA	ryan	2018	low	R_L	P1	D	LB2
R_L1_D3_B	TCTGCCTA	GCTACTTG	ryan	2018	low	R_L	P1	D	LB2
R_L1_S2_B	TCTGCCTA	TAAGTCGG	ryan	2018	low	R_L	P1	S	LB2
R_L1_S3_B	TCTGCCTA	TAGCGCAT	ryan	2018	low	R_L	P1	S	LB2
R_L2_S1_B	GAGATCGT	TAAGTCGG	ryan	2018	low	R_L	P2	S	LB2
R_L2_S2_B	GAGATCGT	TAGCGCAT	ryan	2018	low	R_L	P2	S	LB2
R_L2_S3_B	GAGATCGT	GGGTCATA	ryan	2018	low	R_L	P2	S	LB2
R_L2_D1_B	GAGATCGT	TCGACGTT	ryan	2018	low	R_L	P2	D	LB2
R_L2_D2_B	GAGATCGT	TTTCTCGG	ryan	2018	low	R_L	P2	D	LB2
R_L2_D3_B	ATGCTTGG	GGATTCCT	ryan	2018	low	R_L	P2	D	LB2
R_L3_S1_B	GAAGATCC	GTCCCAAA	ryan	2018	low	R_L	P3	S	LB2
R_L3_D1_B	GAAGATCC	GCTACTTG	ryan	2018	low	R_L	P3	D	LB2
M_C1_D1_B	CTAACGTC	GGATTCCT	mullen	2020	control	M_C	P1	D	LB1
M_C1_D2_B	CTAACGTC	GTCCCAAA	mullen	2020	control	M_C	P1	D	LB1
M_C1_D3_B	CTAACGTC	GCTACTTG	mullen	2020	control	M_C	P1	D	LB1
M_C1_S1_B	ACGATCAG	GGGTCATA	mullen	2020	control	M_C	P1	S	LB1
M_C1_S2_B	ACGATCAG	TCGACGTT	mullen	2020	control	M_C	P1	S	LB1
M_C1_S3_B	ACGATCAG	TTTCTCGG	mullen	2020	control	M_C	P1	S	LB1
M_C2_D1_B	GCAACCTT	GGGTCATA	mullen	2020	control	M_C	P2	D	LB1
M_C2_D2_B	GCAACCTT	TCGACGTT	mullen	2020	control	M_C	P2	D	LB1
M_C2_D3_B	GCAACCTT	TTTCTCGG	mullen	2020	control	M_C	P2	D	LB1
M_C2_S1_B	GCAACCTT	GCTACTTG	mullen	2020	control	M_C	P2	S	LB1
M_C2_S2_B	GCAACCTT	TAAGTCGG	mullen	2020	control	M_C	P2	S	LB1
M_C2_S3_B	GCAACCTT	TAGCGCAT	mullen	2020	control	M_C	P2	S	LB1
M_C3_S1_B	ACTGTGTC	TTTCTCGG	mullen	2020	control	M_C	P3	S	LB1
M_C3_S2_B	GCAACCTT	GGATTCCT	mullen	2020	control	M_C	P3	S	LB1
M_C3_S3_B	GCAACCTT	GTCCCAAA	mullen	2020	control	M_C	P3	S	LB1
M_C3_D1_B	ATCCCGTA	TCGACGTT	mullen	2020	control	M_C	P3	D	LB2
M_C3_D2_B	ATCCCGTA	TTTCTCGG	mullen	2020	control	M_C	P3	D	LB2
M_C3_D3_B	CAGGGTTT	GGATTCCT	mullen	2020	control	M_C	P3	D	LB2
M_H1_D2_B	ACGATCAG	GGATTCCT	mullen	2020	high	M_H	P1	D	LB1
M_H1_D3_B	ACGATCAG	GTCCCAAA	mullen	2020	high	M_H	P1	D	LB1
M_H2_D2_B	CCACTAAC	TAAGTCGG	mullen	2020	high	M_H	P2	D	LB1
M_H3_S1_B	CGAGAGTA	GGATTCCT	mullen	2020	high	M_H	P3	S	LB2
M_H3_S3_B	CGAGAGTA	GTCCCAAA	mullen	2020	high	M_H	P3	S	LB2
M_H3_D1_B	CGAGAGTA	GCTACTTG	mullen	2020	high	M_H	P3	D	LB2
M_H3_D2_B	CGAGAGTA	TAAGTCGG	mullen	2020	high	M_H	P3	D	LB2
M_H3_D3_B	CGAGAGTA	TAGCGCAT	mullen	2020	high	M_H	P3	D	LB2
M_H2_S1_B	CGAGAGTA	GGGTCATA	mullen	2020	high	M_H	P2	S	LB2
M_H2_S2_B	CGAGAGTA	TCGACGTT	mullen	2020	high	M_H	P2	S	LB2
M_H2_S3_B	CGAGAGTA	TTTCTCGG	mullen	2020	high	M_H	P2	S	LB2
M_H2_D1_B	ATCCCGTA	GGATTCCT	mullen	2020	high	M_H	P2	D	LB2
M_H2_D3_B	ATCCCGTA	GTCCCAAA	mullen	2020	high	M_H	P2	D	LB2
M_H3_S2_B	ATCCCGTA	GCTACTTG	mullen	2020	high	M_H	P3	S	LB2
M_H1_S1_B	CAGGGTTT	GTCCCAAA	mullen	2020	high	M_H	P1	S	LB2
M_H1_S2_B	CAGGGTTT	GCTACTTG	mullen	2020	high	M_H	P1	S	LB2
M_H1_S3_B	CAGGGTTT	TAAGTCGG	mullen	2020	high	M_H	P1	S	LB2
M_H1_D1_B	CAGGGTTT	TAGCGCAT	mullen	2020	high	M_H	P1	D	LB2
M_L1_D1_B	ACGATCAG	TAAGTCGG	mullen	2020	low	M_L	P1	D	LB1
M_L1_D2_B	ACGATCAG	TAGCGCAT	mullen	2020	low	M_L	P1	D	LB1
M_L1_S2_B	ACGATCAG	GCTACTTG	mullen	2020	low	M_L	P1	S	LB1
M_L2_D1_B	CCACTAAC	TTTCTCGG	mullen	2020	low	M_L	P2	D	LB1
M_L2_D2_B	ACTGTGTC	GTCCCAAA	mullen	2020	low	M_L	P2	D	LB1
M_L2_D3_B	ACTGTGTC	TCGACGTT	mullen	2020	low	M_L	P2	D	LB1
M_L2_S1_B	CCACTAAC	TAGCGCAT	mullen	2020	low	M_L	P2	S	LB1
M_L2_S2_B	CCACTAAC	GGGTCATA	mullen	2020	low	M_L	P2	S	LB1
M_L3_D1_B	ACTGTGTC	TAAGTCGG	mullen	2020	low	M_L	P3	D	LB1
M_L3_D3_B	ACTGTGTC	TAGCGCAT	mullen	2020	low	M_L	P3	D	LB1
M_L3_S1_B	CCACTAAC	TCGACGTT	mullen	2020	low	M_L	P3	S	LB1
M_L3_S3_B	ACTGTGTC	GGATTCCT	mullen	2020	low	M_L	P3	S	LB1
M_L2_S3_B1	ATCCCGTA	TAAGTCGG	mullen	2020	low	M_L	P2	S	LB2
M_L2_S3_B	ATCCCGTA	TAGCGCAT	mullen	2020	low	M_L	P3	S	LB2
M_L3_D2_B	ATCCCGTA	GGGTCATA	mullen	2020	low	M_L	P3	D	LB2
M_L1_S1_B	CAGGGTTT	GGGTCATA	mullen	2020	low	M_L	P1	S	LB2
M_L1_S3_B	CAGGGTTT	TCGACGTT	mullen	2020	low	M_L	P1	S	LB2
M_L1_D3_B	CAGGGTTT	TTTCTCGG	mullen	2020	low	M_L	P1	D	LB2