sample-id	forward-barcode	reverse-barcode	fire	severity	treatment	year	plot	depth	Run
BC_C1_D1_F	CAGCAAGA	AGAGTGTG	badger creek	control	BC_C	2018	P1	D	LB1
BC_C1_D2_F	CAGCAAGA	TGGTAACC	badger creek	control	BC_C	2018	P1	D	LB1
BC_C1_D3_F	GAGTACTG	TGGTAACC	badger creek	control	BC_C	2018	P1	D	LB1
BC_C1_S1_F	ACCCCTAT	TGGGTGAT	badger creek	control	BC_C	2018	P1	S	LB1
BC_C1_S2_F	GAGTACTG	AAGTCGGA	badger creek	control	BC_C	2018	P1	S	LB1
BC_C1_S3_F	ACCCCTAT	AGAGTGTG	badger creek	control	BC_C	2018	P1	S	LB1
BC_C2_D1_F	GCATCGAA	AAGTCGGA	badger creek	control	BC_C	2018	P2	D	LB1
BC_C2_D2_F	CAGCAAGA	TACTGTGC	badger creek	control	BC_C	2018	P2	D	LB1
BC_C2_D3_F	ATGTCCAG	TGGTAACC	badger creek	control	BC_C	2018	P2	D	LB1
BC_C2_S1_F	ACCCCTAT	CTCTCAAG	badger creek	control	BC_C	2018	P2	S	LB1
BC_C2_S2_F	CTTGTCGT	TGGGTGAT	badger creek	control	BC_C	2018	P2	S	LB1
BC_C2_S3_F	ACCCCTAT	AAGTCGGA	badger creek	control	BC_C	2018	P2	S	LB1
BC_C3_D1_F	CTTGTCGT	TACTGTGC	badger creek	control	BC_C	2018	P3	D	LB1
BC_C3_D2_F	GCATCGAA	TGGTAACC	badger creek	control	BC_C	2018	P3	D	LB1
BC_C3_D3_F	ACGGTTTG	CTCTCAAG	badger creek	control	BC_C	2018	P3	D	LB2
BC_C3_S1_F	GAGTACTG	TGGGTGAT	badger creek	control	BC_C	2018	P3	S	LB1
BC_C3_S2_F	CCACTAAC	CTCTCAAG	badger creek	control	BC_C	2018	P3	S	LB1
BC_C3_S3_F	CAGCAAGA	TTGTGGAG	badger creek	control	BC_C	2018	P3	S	LB1
BC_C4_D1_F	CAGCAAGA	CTCTCAAG	badger creek	control	BC_C	2018	P4	D	LB1
BC_C4_D2_F	ACCCCTAT	TCGATTGG	badger creek	control	BC_C	2018	P4	D	LB1
BC_C4_D3_F	CAGCAAGA	TCGATTGG	badger creek	control	BC_C	2018	P4	D	LB1
BC_C4_S1_F	CCACTAAC	AAGTCGGA	badger creek	control	BC_C	2018	P4	S	LB1
BC_C4_S2_F	GCATCGAA	TGGGTGAT	badger creek	control	BC_C	2018	P4	S	LB1
BC_C4_S3_F	GCATCGAA	TACTGTGC	badger creek	control	BC_C	2018	P4	S	LB1
BC_H1_D1_F	TGTACGGA	TGGTAACC	badger creek	high	BC_H	2018	P1	D	LB2
BC_H1_D2_F	ACGGTTTG	AAGTCGGA	badger creek	high	BC_H	2018	P1	D	LB2
BC_H1_D3_F	GAGTACTG	TCGATTGG	badger creek	high	BC_H	2018	P1	D	LB1
BC_H1_S1_F	ACGGTTTG	AGAGTGTG	badger creek	high	BC_H	2018	P1	S	LB2
BC_H1_S2_F	CTTGTCGT	AGAGTGTG	badger creek	high	BC_H	2018	P1	S	LB1
BC_H1_S3_F	CGACCTAA	TGGGTGAT	badger creek	high	BC_H	2018	P1	S	LB2
BC_H2_D1_F	CTTGTCGT	TCGATTGG	badger creek	high	BC_H	2018	P2	D	LB1
BC_H2_D2_F	GAGTACTG	AGAGTGTG	badger creek	high	BC_H	2018	P2	D	LB1
BC_H2_D3_F	GAGTACTG	TACTGTGC	badger creek	high	BC_H	2018	P2	D	LB1
BC_H2_S1_F	ACGGTTTG	TGGTAACC	badger creek	high	BC_H	2018	P2	S	LB2
BC_H2_S2_F	ATGTCCAG	TACTGTGC	badger creek	high	BC_H	2018	P2	S	LB1
BC_H2_S3_F	ACCCCTAT	TTGTGGAG	badger creek	high	BC_H	2018	P2	S	LB1
BC_H3_D1_F	ACGGTTTG	TCGATTGG	badger creek	high	BC_H	2018	P3	D	LB2
BC_H3_D2_F	CTTGTCGT	TGGTAACC	badger creek	high	BC_H	2018	P3	D	LB1
BC_H3_D3_F	CGACCTAA	TACTGTGC	badger creek	high	BC_H	2018	P3	D	LB2
BC_H3_S1_F	TGTACGGA	TGGGTGAT	badger creek	high	BC_H	2018	P3	S	LB2
BC_H3_S2_F	ATGTCCAG	AGAGTGTG	badger creek	high	BC_H	2018	P3	S	LB1
BC_H3_S3_F	GCATCGAA	AGAGTGTG	badger creek	high	BC_H	2018	P3	S	LB1
BC_H4_D1_F	CGACCTAA	TCGATTGG	badger creek	high	BC_H	2018	P4	D	LB2
BC_H4_D2_F	ACGGTTTG	TTGTGGAG	badger creek	high	BC_H	2018	P4	D	LB2
BC_H4_D3_F	TGTACGGA	AAGTCGGA	badger creek	high	BC_H	2018	P4	D	LB2
BC_H4_S1_F	CGACCTAA	AGAGTGTG	badger creek	high	BC_H	2018	P4	S	LB2
BC_H4_S2_F	ACGGTTTG	TGGGTGAT	badger creek	high	BC_H	2018	P4	S	LB2
BC_H4_S3_F	CGACCTAA	TGGTAACC	badger creek	high	BC_H	2018	P4	S	LB2
BC_L1_D1_F	TGTACGGA	TTGTGGAG	badger creek	low	BC_L	2018	P1	D	LB2
BC_L1_D2_F	TGTACGGA	CTCTCAAG	badger creek	low	BC_L	2018	P1	D	LB2
BC_L1_D3_F	CGACCTAA	TTGTGGAG	badger creek	low	BC_L	2018	P1	D	LB2
BC_L1_S1_F	GAGTACTG	TTGTGGAG	badger creek	low	BC_L	2018	P1	S	LB1
BC_L1_S2_F	ATGTCCAG	CTCTCAAG	badger creek	low	BC_L	2018	P1	S	LB1
BC_L1_S3_F	ATGTCCAG	TCGATTGG	badger creek	low	BC_L	2018	P1	S	LB1
BC_L2_D1_F	TGTACGGA	TACTGTGC	badger creek	low	BC_L	2018	P2	D	LB2
BC_L2_D2_F	TGTACGGA	AGAGTGTG	badger creek	low	BC_L	2018	P2	D	LB2
BC_L2_D3_F	TGTACGGA	TCGATTGG	badger creek	low	BC_L	2018	P2	D	LB2
BC_L2_S1_F	ATGTCCAG	TTGTGGAG	badger creek	low	BC_L	2018	P2	S	LB1
BC_L2_S2_F	GCATCGAA	TCGATTGG	badger creek	low	BC_L	2018	P2	S	LB1
BC_L2_S3_F	CTTGTCGT	CTCTCAAG	badger creek	low	BC_L	2018	P2	S	LB1
BC_L3_D1_F	GCATCGAA	TTGTGGAG	badger creek	low	BC_L	2018	P3	D	LB1
BC_L3_D2_F	CTTGTCGT	TTGTGGAG	badger creek	low	BC_L	2018	P3	D	LB1
BC_L3_D3_F	CGACCTAA	CTCTCAAG	badger creek	low	BC_L	2018	P3	D	LB2
BC_L3_S1_F	CTTGTCGT	AAGTCGGA	badger creek	low	BC_L	2018	P3	S	LB1
BC_L3_S2_F	CAGCAAGA	AAGTCGGA	badger creek	low	BC_L	2018	P3	S	LB1
BC_L3_S3_F	CAGCAAGA	TGGGTGAT	badger creek	low	BC_L	2018	P3	S	LB1
BC_L4_D1_F	ACGGTTTG	TACTGTGC	badger creek	low	BC_L	2018	P4	D	LB2
BC_L4_D2_F	CGACCTAA	AAGTCGGA	badger creek	low	BC_L	2018	P4	D	LB2
BC_L4_D3_F	GCATCGAA	CTCTCAAG	badger creek	low	BC_L	2018	P4	D	LB1
BC_L4_S1_F	ATGTCCAG	AAGTCGGA	badger creek	low	BC_L	2018	P4	S	LB1
BC_L4_S2_F	ACCCCTAT	TACTGTGC	badger creek	low	BC_L	2018	P4	S	LB1
BC_L4_S3_F	GAGTACTG	CTCTCAAG	badger creek	low	BC_L	2016	P4	S	LB1
BV_C1_D1_F	ATCCCGTA	TACTGTGC	beaver creek	control	BV_C	2016	P1	D	LB1
BV_C1_D2_F	ATCCCGTA	AGAGTGTG	beaver creek	control	BV_C	2016	P1	D	LB1
BV_C1_D3_F	ATCCCGTA	TCGATTGG	beaver creek	control	BV_C	2016	P1	D	LB1
BV_C1_S1_F	ATCCCGTA	AAGTCGGA	beaver creek	control	BV_C	2016	P1	S	LB1
BV_C1_S2_F	ATCCCGTA	TGGTAACC	beaver creek	control	BV_C	2016	P1	S	LB1
BV_C1_S3_F	ATCCCGTA	TGGGTGAT	beaver creek	control	BV_C	2016	P1	S	LB1
BV_C2_D1_F	TGTTGGAG	TCGATTGG	beaver creek	control	BV_C	2016	P2	D	LB1
BV_C2_D2_F	TGTTGGAG	TTGTGGAG	beaver creek	control	BV_C	2016	P2	D	LB1
BV_C2_D3_F	CAGCAAGA	CTCTCAAG	beaver creek	control	BV_C	2016	P2	D	LB1
BV_C2_S1_F	TGTTGGAG	TGGGTGAT	beaver creek	control	BV_C	2016	P2	S	LB1
BV_C2_S2_F	TGTTGGAG	TACTGTGC	beaver creek	control	BV_C	2016	P2	S	LB1
BV_C2_S3_F	TGTTGGAG	AGAGTGTG	beaver creek	control	BV_C	2016	P2	S	LB1
BV_C3_D1_F	GCATCGAA	CTCTCAAG	beaver creek	control	BV_C	2016	P3	D	LB2
BV_C3_D2_F	GCATCGAA	AAGTCGGA	beaver creek	control	BV_C	2016	P3	D	LB2
BV_C3_D3_F	GCAATGGT	AAGTCGGA	beaver creek	control	BV_C	2016	P3	D	LB2
BV_C3_D3_F1	GCATCGAA	TGGTAACC	beaver creek	control	BV_C	2016	P3	D	LB2
BV_C3_S1_F	ACCCCTAT	AGAGTGTG	beaver creek	control	BV_C	2016	P3	S	LB2
BV_C3_S2_F	ACCCCTAT	TCGATTGG	beaver creek	control	BV_C	2016	P3	S	LB2
BV_C3_S3_F	ACCCCTAT	TTGTGGAG	beaver creek	control	BV_C	2016	P3	S	LB2
BV_H1_D1_F	TGTACGGA	CTCTCAAG	beaver creek	high	BV_H	2016	P1	D	LB1
BV_H1_D2_F	CGAGAGTA	CTCTCAAG	beaver creek	high	BV_H	2016	P1	D	LB1
BV_H1_D3_F	CGAGAGTA	AAGTCGGA	beaver creek	high	BV_H	2016	P1	D	LB1
BV_H1_S1_F	ACGGTTTG	AGAGTGTG	beaver creek	high	BV_H	2016	P1	S	LB1
BV_H1_S2_F	ACGGTTTG	TCGATTGG	beaver creek	high	BV_H	2016	P1	S	LB1
BV_H1_S3_F	ACGGTTTG	TTGTGGAG	beaver creek	high	BV_H	2016	P1	S	LB1
BV_H2_D1_F	CAGGGTTT	TGGTAACC	beaver creek	high	BV_H	2016	P2	D	LB1
BV_H2_D2_F	CAGGGTTT	TGGGTGAT	beaver creek	high	BV_H	2016	P2	D	LB1
BV_H2_D3_F	CAGGGTTT	TACTGTGC	beaver creek	high	BV_H	2016	P2	D	LB1
BV_H2_S1_F	ATCCCGTA	TTGTGGAG	beaver creek	high	BV_H	2016	P2	S	LB1
BV_H2_S2_F	CAGGGTTT	CTCTCAAG	beaver creek	high	BV_H	2016	P2	S	LB1
BV_H2_S3_F	CAGGGTTT	AAGTCGGA	beaver creek	high	BV_H	2016	P2	S	LB1
BV_H3_D1_F	GAAGATCC	AGAGTGTG	beaver creek	high	BV_H	2016	P3	D	LB2
BV_H3_D1_F1	CAGCAAGA	TACTGTGC	beaver creek	high	BV_H	2016	P3	D	LB1
BV_H3_D2_F	GAAGATCC	TCGATTGG	beaver creek	high	BV_H	2016	P3	D	LB2
BV_H3_D2_F1	CAGCAAGA	AGAGTGTG	beaver creek	high	BV_H	2016	P3	D	LB1
BV_H3_D3_F	CAGCAAGA	TCGATTGG	beaver creek	high	BV_H	2016	P3	D	LB1
BV_H3_S1_F	CAGCAAGA	AAGTCGGA	beaver creek	high	BV_H	2016	P3	S	LB1
BV_H3_S2_F	CAGCAAGA	TGGTAACC	beaver creek	high	BV_H	2016	P3	S	LB1
BV_H3_S3_F	CAGCAAGA	TGGGTGAT	beaver creek	high	BV_H	2016	P3	S	LB1
BV_L1_D1_F	CGAGAGTA	TCGATTGG	beaver creek	low	BV_L	2016	P1	D	LB1
BV_L1_D2_F	CGAGAGTA	TTGTGGAG	beaver creek	low	BV_L	2016	P1	D	LB1
BV_L1_D3_F	ATCCCGTA	CTCTCAAG	beaver creek	low	BV_L	2016	P1	D	LB1
BV_L1_S1_F	CGAGAGTA	TGGTAACC	beaver creek	low	BV_L	2016	P1	S	LB1
BV_L1_S2_F	CGAGAGTA	TGGGTGAT	beaver creek	low	BV_L	2016	P1	S	LB1
BV_L1_S3_F	CGAGAGTA	AGAGTGTG	beaver creek	low	BV_L	2016	P1	S	LB1
BV_L2_D1_F	TGTTGGAG	CTCTCAAG	beaver creek	low	BV_L	2016	P2	D	LB1
BV_L2_D2_F	TGTTGGAG	AAGTCGGA	beaver creek	low	BV_L	2016	P2	D	LB1
BV_L2_D3_F	TGTTGGAG	TGGTAACC	beaver creek	low	BV_L	2016	P2	D	LB1
BV_L2_S1_F	CAGGGTTT	AGAGTGTG	beaver creek	low	BV_L	2016	P2	S	LB1
BV_L2_S2_F	CAGGGTTT	TCGATTGG	beaver creek	low	BV_L	2016	P2	S	LB1
BV_L2_S3_F	CAGGGTTT	TTGTGGAG	beaver creek	low	BV_L	2016	P2	S	LB1
BV_L3_D1_F	ACCCCTAT	TGGTAACC	beaver creek	low	BV_L	2016	P3	D	LB2
BV_L3_D2_F	GAAGATCC	TTGTGGAG	beaver creek	low	BV_L	2016	P3	D	LB2
BV_L3_D2_F1	ACCCCTAT	TGGGTGAT	beaver creek	low	BV_L	2016	P3	D	LB2
BV_L3_D3_F	GCAATGGT	CTCTCAAG	beaver creek	low	BV_L	2016	P3	D	LB2
BV_L3_D3_F1	ACCCCTAT	TACTGTGC	beaver creek	low	BV_L	2016	P3	D	LB2
BV_L3_S1_F	CAGCAAGA	TTGTGGAG	beaver creek	low	BV_L	2016	P3	S	LB1
BV_L3_S2_F	ACCCCTAT	CTCTCAAG	beaver creek	low	BV_L	2016	P3	S	LB1
BV_L3_S3_F	ACCCCTAT	AAGTCGGA	beaver creek	low	BV_L	2016	P3	S	LB1
CP_C1_D1_F	GCATCGAA	TTGTGGAG	church park	control	CP_C	2010	P1	D	LB2
CP_C1_D2_F	GAGTACTG	AAGTCGGA	church park	control	CP_C	2010	P1	D	LB2
CP_C1_D2_F1	GAGTACTG	CTCTCAAG	church park	control	CP_C	2010	P1	D	LB2
CP_C1_S1_F	GCATCGAA	TGGGTGAT	church park	control	CP_C	2010	P1	S	LB2
CP_C1_S2_F	GCATCGAA	AGAGTGTG	church park	control	CP_C	2010	P1	S	LB2
CP_C1_S3_F	GCATCGAA	TCGATTGG	church park	control	CP_C	2010	P1	S	LB2
CP_C2_D1_F	CTTGTCGT	CTCTCAAG	church park	control	CP_C	2010	P2	D	LB2
CP_C2_D2_F	CTTGTCGT	AAGTCGGA	church park	control	CP_C	2010	P2	D	LB2
CP_C2_D3_F	CTTGTCGT	TGGTAACC	church park	control	CP_C	2010	P2	D	LB2
CP_C2_S1_F	ATGTCCAG	AGAGTGTG	church park	control	CP_C	2010	P2	S	LB2
CP_C2_S2_F	ATGTCCAG	TCGATTGG	church park	control	CP_C	2010	P2	S	LB2
CP_C2_S3_F	ATGTCCAG	TTGTGGAG	church park	control	CP_C	2010	P2	S	LB2
CP_C3_D1_F	ACTGTGTC	TGGGTGAT	church park	control	CP_C	2010	P3	D	LB2
CP_C3_D2_F	ACTGTGTC	TACTGTGC	church park	control	CP_C	2010	P3	D	LB2
CP_C3_D3_F	ACTGTGTC	AGAGTGTG	church park	control	CP_C	2010	P3	D	LB2
CP_C3_S1_F	ACTGTGTC	CTCTCAAG	church park	control	CP_C	2010	P3	S	LB2
CP_C3_S2_F	ACTGTGTC	AAGTCGGA	church park	control	CP_C	2010	P3	S	LB2
CP_C3_S3_F	ACTGTGTC	TGGTAACC	church park	control	CP_C	2010	P3	S	LB2
CP_H1_D1_F	ATGTCCAG	TGGGTGAT	church park	high	CP_H	2010	P1	D	LB2
CP_H1_D2_F	ATGTCCAG	TACTGTGC	church park	high	CP_H	2010	P1	D	LB2
CP_H1_S1_F	ATGTCCAG	CTCTCAAG	church park	high	CP_H	2010	P1	S	LB2
CP_H1_S2_F	ATGTCCAG	AAGTCGGA	church park	high	CP_H	2010	P1	S	LB2
CP_H1_S3_F	ATGTCCAG	TGGTAACC	church park	high	CP_H	2010	P1	S	LB2
CP_H2_D1_F	CCACTAAC	AGAGTGTG	church park	high	CP_H	2010	P2	D	LB2
CP_H2_D2_F	CCACTAAC	TCGATTGG	church park	high	CP_H	2010	P2	D	LB2
CP_H2_D3_F	CCACTAAC	TTGTGGAG	church park	high	CP_H	2010	P2	D	LB2
CP_H2_S1_F	CCACTAAC	TGGTAACC	church park	high	CP_H	2010	P2	S	LB2
CP_H2_S2_F	CCACTAAC	TGGGTGAT	church park	high	CP_H	2010	P2	S	LB2
CP_H2_S3_F	CCACTAAC	TACTGTGC	church park	high	CP_H	2010	P2	S	LB2
CP_H3_D1_F	CGACCTAA	TGGTAACC	church park	high	CP_H	2010	P3	D	LB1
CP_H3_D2_F-1	CGACCTAA	TGGGTGAT	church park	high	CP_H	2010	P3	D	LB1
CP_H3_D2_F-2	CGACCTAA	TACTGTGC	church park	high	CP_H	2010	P3	D	LB1
CP_H3_S1_F	TGTACGGA	TTGTGGAG	church park	high	CP_H	2010	P3	S	LB1
CP_H3_S2_F	CGACCTAA	CTCTCAAG	church park	high	CP_H	2010	P3	S	LB1
CP_H3_S3_F	CGACCTAA	AAGTCGGA	church park	high	CP_H	2010	P3	S	LB1
CP_L1_D1_F	GAGTACTG	AGAGTGTG	church park	low	CP_L	2010	P1	D	LB2
CP_L1_D2_F	GAGTACTG	TCGATTGG	church park	low	CP_L	2010	P1	D	LB2
CP_L1_D3_F	GAGTACTG	TTGTGGAG	church park	low	CP_L	2010	P1	D	LB2
CP_L1_S1_F	GAGTACTG	TGGTAACC	church park	low	CP_L	2010	P1	S	LB2
CP_L1_S2_F	GAGTACTG	TGGGTGAT	church park	low	CP_L	2010	P1	S	LB2
CP_L1_S3_F	GAGTACTG	TACTGTGC	church park	low	CP_L	2010	P1	S	LB2
CP_L2_D1_F	CTTGTCGT	TTGTGGAG	church park	low	CP_L	2010	P2	D	LB2
CP_L2_D2_F	CCACTAAC	CTCTCAAG	church park	low	CP_L	2010	P2	D	LB2
CP_L2_D3_F	CCACTAAC	AAGTCGGA	church park	low	CP_L	2010	P2	D	LB2
CP_L2_S1_F	CTTGTCGT	TGGGTGAT	church park	low	CP_L	2010	P2	S	LB2
CP_L2_S2_F	CTTGTCGT	AGAGTGTG	church park	low	CP_L	2010	P2	S	LB2
CP_L2_S3_F	CTTGTCGT	TCGATTGG	church park	low	CP_L	2010	P2	S	LB2
CP_L3_D1_F	TGTACGGA	TACTGTGC	church park	low	CP_L	2010	P3	D	LB1
CP_L3_D2_F-1	TGTACGGA	AGAGTGTG	church park	low	CP_L	2010	P3	D	LB1
CP_L3_D2_F-2	TGTACGGA	TCGATTGG	church park	low	CP_L	2010	P3	D	LB1
CP_L3_S1_F	ACTGTGTC	TCGATTGG	church park	low	CP_L	2010	P3	S	LB2
CP_L3_S2_F	TGTACGGA	TGGTAACC	church park	low	CP_L	2010	P3	S	LB1
CP_L3_S3_F	TGTACGGA	TGGGTGAT	church park	low	CP_L	2010	P3	S	LB1
M_C1_D1_F	CTAACGTC	CTCTCAAG	mullen	control	M_C	2020	P1	D	LB1
M_C1_D2_F	CTAACGTC	AAGTCGGA	mullen	control	M_C	2020	P1	D	LB1
M_C1_D3_F	CTAACGTC	TGGTAACC	mullen	control	M_C	2020	P1	D	LB1
M_C1_S1_F	ACGATCAG	AGAGTGTG	mullen	control	M_C	2020	P1	S	LB1
M_C1_S2_F	ACGATCAG	TCGATTGG	mullen	control	M_C	2020	P1	S	LB1
M_C1_S3_F	ACGATCAG	TTGTGGAG	mullen	control	M_C	2020	P1	S	LB1
M_C2_D1_F	GCAACCTT	AGAGTGTG	mullen	control	M_C	2020	P2	D	LB1
M_C2_D2_F	GCAACCTT	TCGATTGG	mullen	control	M_C	2020	P2	D	LB1
M_C2_D3_F	GCAACCTT	TTGTGGAG	mullen	control	M_C	2020	P2	D	LB1
M_C2_S1_F	GCAACCTT	TGGTAACC	mullen	control	M_C	2020	P2	S	LB1
M_C2_S2_F	GCAACCTT	TGGGTGAT	mullen	control	M_C	2020	P2	S	LB1
M_C2_S3_F	GCAACCTT	TACTGTGC	mullen	control	M_C	2020	P2	S	LB1
M_C3_D1_F	ATCCCGTA	TCGATTGG	mullen	control	M_C	2020	P3	D	LB2
M_C3_D2_F	ATCCCGTA	TTGTGGAG	mullen	control	M_C	2020	P3	D	LB2
M_C3_D3_F	CAGGGTTT	CTCTCAAG	mullen	control	M_C	2020	P3	D	LB2
M_C3_S1_F	ACTGTGTC	TTGTGGAG	mullen	control	M_C	2020	P3	S	LB1
M_C3_S2_F	GCAACCTT	CTCTCAAG	mullen	control	M_C	2020	P3	S	LB1
M_C3_S3_F	GCAACCTT	AAGTCGGA	mullen	control	M_C	2020	P3	S	LB1
M_H1_D1_F	CAGGGTTT	TACTGTGC	mullen	high	M_H	2020	P1	D	LB2
M_H1_D2_F	ACGATCAG	CTCTCAAG	mullen	high	M_H	2020	P1	D	LB1
M_H1_D3_F	ACGATCAG	AAGTCGGA	mullen	high	M_H	2020	P1	D	LB1
M_H1_S1_F	CAGGGTTT	AAGTCGGA	mullen	high	M_H	2020	P1	S	LB2
M_H1_S2_F	CAGGGTTT	TGGTAACC	mullen	high	M_H	2020	P1	S	LB2
M_H1_S3_F	CAGGGTTT	TGGGTGAT	mullen	high	M_H	2020	P1	S	LB2
M_H2_D1_F	ATCCCGTA	CTCTCAAG	mullen	high	M_H	2020	P2	D	LB2
M_H2_D2_F	CCACTAAC	TGGGTGAT	mullen	high	M_H	2020	P2	D	LB1
M_H2_D3_F	ATCCCGTA	AAGTCGGA	mullen	high	M_H	2020	P2	D	LB2
M_H2_S1_F	CGAGAGTA	AGAGTGTG	mullen	high	M_H	2020	P2	S	LB2
M_H2_S2_F	CGAGAGTA	TCGATTGG	mullen	high	M_H	2020	P2	S	LB2
M_H2_S3_F	CGAGAGTA	TTGTGGAG	mullen	high	M_H	2020	P2	S	LB2
M_H3_D1_F	CGAGAGTA	TGGTAACC	mullen	high	M_H	2020	P3	D	LB2
M_H3_D2_F	CGAGAGTA	TGGGTGAT	mullen	high	M_H	2020	P3	D	LB2
M_H3_D3_F	CGAGAGTA	TACTGTGC	mullen	high	M_H	2020	P3	D	LB2
M_H3_S1_F	CGAGAGTA	CTCTCAAG	mullen	high	M_H	2020	P3	S	LB2
M_H3_S2_F	ATCCCGTA	TGGTAACC	mullen	high	M_H	2020	P3	S	LB2
M_H3_S3_F	CGAGAGTA	AAGTCGGA	mullen	high	M_H	2020	P3	S	LB2
M_L1_D1_F	ACGATCAG	TGGGTGAT	mullen	low	M_L	2020	P1	D	LB1
M_L1_D2_F	ACGATCAG	TACTGTGC	mullen	low	M_L	2020	P1	D	LB1
M_L1_D3_F	CAGGGTTT	TTGTGGAG	mullen	low	M_L	2020	P1	D	LB2
M_L1_S1_F	CAGGGTTT	AGAGTGTG	mullen	low	M_L	2020	P1	S	LB2
M_L1_S2_F	ACGATCAG	TGGTAACC	mullen	low	M_L	2020	P1	S	LB1
M_L1_S3_F	CAGGGTTT	TCGATTGG	mullen	low	M_L	2020	P1	S	LB2
M_L2_D1_F	CCACTAAC	TTGTGGAG	mullen	low	M_L	2020	P2	D	LB1
M_L2_D2_F	ACTGTGTC	AAGTCGGA	mullen	low	M_L	2020	P2	D	LB1
M_L2_D3_F	ACTGTGTC	TCGATTGG	mullen	low	M_L	2020	P2	D	LB1
M_L2_S1_F	CCACTAAC	TACTGTGC	mullen	low	M_L	2020	P2	S	LB1
M_L2_S2_F	CCACTAAC	AGAGTGTG	mullen	low	M_L	2020	P2	S	LB1
M_L2_S3_F	ATCCCGTA	TACTGTGC	mullen	low	M_L	2020	P3	S	LB2
M_L2_S3_F1	ATCCCGTA	TGGGTGAT	mullen	low	M_L	2020	P2	S	LB2
M_L3_D1_F	ACTGTGTC	TGGGTGAT	mullen	low	M_L	2020	P3	D	LB1
M_L3_D2_F	ATCCCGTA	AGAGTGTG	mullen	low	M_L	2020	P3	D	LB2
M_L3_D3_F	ACTGTGTC	TACTGTGC	mullen	low	M_L	2020	P3	D	LB1
M_L3_S1_F	CCACTAAC	TCGATTGG	mullen	low	M_L	2020	P3	S	LB1
M_L3_S3_F	ACTGTGTC	CTCTCAAG	mullen	low	M_L	2020	P3	S	LB1
R_C1_D1_F	TGTTGGAG	CTCTCAAG	ryan	control	R_C	2018	P1	D	LB2
R_C1_D2_F	TGTTGGAG	AAGTCGGA	ryan	control	R_C	2018	P1	D	LB2
R_C1_D3_F	TGTTGGAG	TGGTAACC	ryan	control	R_C	2018	P1	D	LB2
R_C1_S1_F	CTAACGTC	TGGGTGAT	ryan	control	R_C	2018	P1	S	LB1
R_C1_S2_F	CTAACGTC	TACTGTGC	ryan	control	R_C	2018	P1	S	LB1
R_C1_S3_F	CTAACGTC	AGAGTGTG	ryan	control	R_C	2018	P1	S	LB1
R_C2_D1_F	ATGCTTGG	AAGTCGGA	ryan	control	R_C	2018	P2	D	LB2
R_C2_D2_F	ATGCTTGG	TGGTAACC	ryan	control	R_C	2018	P2	D	LB2
R_C2_D3_F	ATGCTTGG	TGGGTGAT	ryan	control	R_C	2018	P2	D	LB2
R_C2_S1_F	TATGGCAG	AAGTCGGA	ryan	control	R_C	2018	P2	S	LB1
R_C2_S2_F	TATGGCAG	TGGTAACC	ryan	control	R_C	2018	P2	S	LB1
R_C2_S3_F	TATGGCAG	TGGGTGAT	ryan	control	R_C	2018	P2	S	LB1
R_C3_D1_F	ACGGTTTG	TACTGTGC	ryan	control	R_C	2018	P3	D	LB1
R_C3_D2_F	GAAGATCC	TGGGTGAT	ryan	control	R_C	2018	P3	D	LB2
R_C3_D3_F	GAAGATCC	TACTGTGC	ryan	control	R_C	2018	P3	D	LB2
R_C3_S1_F	ACGGTTTG	AAGTCGGA	ryan	control	R_C	2018	P3	S	LB1
R_C3_S2_F	ACGGTTTG	TGGTAACC	ryan	control	R_C	2018	P3	S	LB1
R_C3_S3_F	ACGGTTTG	TGGGTGAT	ryan	control	R_C	2018	P3	S	LB1
R_H1_D1_F	TGTTGGAG	TCGATTGG	ryan	high	R_H	2018	P1	D	LB2
R_H1_D2_F	TGTTGGAG	TTGTGGAG	ryan	high	R_H	2018	P1	D	LB2
R_H1_D3_F	TCTGCCTA	CTCTCAAG	ryan	high	R_H	2018	P1	D	LB2
R_H1_S1_F	TGTTGGAG	TGGGTGAT	ryan	high	R_H	2018	P1	S	LB2
R_H1_S2_F	TGTTGGAG	TACTGTGC	ryan	high	R_H	2018	P1	S	LB2
R_H1_S3_F	TGTTGGAG	AGAGTGTG	ryan	high	R_H	2018	P1	S	LB2
R_H2_D1_F	GAGATCGT	CTCTCAAG	ryan	high	R_H	2018	P2	D	LB2
R_H2_D2_F	GAGATCGT	AAGTCGGA	ryan	high	R_H	2018	P2	D	LB2
R_H2_D3_F	GAGATCGT	TGGTAACC	ryan	high	R_H	2018	P2	D	LB2
R_H2_S1_F	TCTGCCTA	AGAGTGTG	ryan	high	R_H	2018	P2	S	LB2
R_H2_S2_F	TCTGCCTA	TCGATTGG	ryan	high	R_H	2018	P2	S	LB2
R_H2_S3_F	TCTGCCTA	TTGTGGAG	ryan	high	R_H	2018	P2	S	LB2
R_H3_D1_F	ATGCTTGG	TCGATTGG	ryan	high	R_H	2018	P3	D	LB2
R_H3_D2_F	ATGCTTGG	TTGTGGAG	ryan	high	R_H	2018	P3	D	LB2
R_H3_D3_F	GAAGATCC	CTCTCAAG	ryan	high	R_H	2018	P3	D	LB2
R_H3_S1_F	ATGCTTGG	TACTGTGC	ryan	high	R_H	2018	P3	S	LB2
R_H3_S2_F	TATGGCAG	TACTGTGC	ryan	high	R_H	2018	P3	S	LB1
R_H3_S3_F	ATGCTTGG	AGAGTGTG	ryan	high	R_H	2018	P3	S	LB2
R_L1_D1_F	CTAACGTC	TCGATTGG	ryan	low	R_L	2018	P1	D	LB1
R_L1_D2_F	TCTGCCTA	AAGTCGGA	ryan	low	R_L	2018	P1	D	LB2
R_L1_D3_F	TCTGCCTA	TGGTAACC	ryan	low	R_L	2018	P1	D	LB2
R_L1_S1_F	CTAACGTC	TTGTGGAG	ryan	low	R_L	2018	P1	S	LB1
R_L1_S2_F	TCTGCCTA	TGGGTGAT	ryan	low	R_L	2018	P1	S	LB2
R_L1_S3_F	TCTGCCTA	TACTGTGC	ryan	low	R_L	2018	P1	S	LB2
R_L2_D1_F	GAGATCGT	TCGATTGG	ryan	low	R_L	2018	P2	D	LB2
R_L2_D2_F	GAGATCGT	TTGTGGAG	ryan	low	R_L	2018	P2	D	LB2
R_L2_D3_F	ATGCTTGG	CTCTCAAG	ryan	low	R_L	2018	P2	D	LB2
R_L2_S1_F	GAGATCGT	TGGGTGAT	ryan	low	R_L	2018	P2	S	LB2
R_L2_S2_F	GAGATCGT	TACTGTGC	ryan	low	R_L	2018	P2	S	LB2
R_L2_S3_F	GAGATCGT	AGAGTGTG	ryan	low	R_L	2018	P2	S	LB2
R_L3_D1_F	GAAGATCC	TGGTAACC	ryan	low	R_L	2018	P3	D	LB2
R_L3_D2_F	TATGGCAG	TTGTGGAG	ryan	low	R_L	2018	P3	D	LB1
R_L3_D3_F	ACGGTTTG	CTCTCAAG	ryan	low	R_L	2018	P3	D	LB1
R_L3_S1_F	GAAGATCC	AAGTCGGA	ryan	low	R_L	2018	P3	S	LB2
R_L3_S2_F	TATGGCAG	AGAGTGTG	ryan	low	R_L	2018	P3	S	LB1
R_L3_S3_F	TATGGCAG	TCGATTGG	ryan	low	R_L	2018	P3	S	LB1